<?xml version="1.0" encoding="UTF-8"?>
<table>
    <database></database>
    <name>results</name>
    <ddl><![CDATA[CREATE TABLE "results" ("id" integer PRIMARY KEY AUTOINCREMENT NOT NULL, "input" integer, "result" json, "created_at" datetime(6) NOT NULL, "updated_at" datetime(6) NOT NULL);]]></ddl>
    <columns>
        <column>
            <name>id</name>
            <type>integer</type>
            <constraints>
                <constraint>
                    <type>PRIMARY KEY</type>
                    <definition>PRIMARY KEY AUTOINCREMENT </definition>
                </constraint>
                <constraint>
                    <type>NOT NULL</type>
                    <definition>NOT NULL</definition>
                </constraint>
            </constraints>
        </column>
        <column>
            <name>input</name>
            <type>integer</type>
        </column>
        <column>
            <name>result</name>
            <type>json</type>
        </column>
        <column>
            <name>created_at</name>
            <type>datetime</type>
            <constraints>
                <constraint>
                    <type>NOT NULL</type>
                    <definition>NOT NULL</definition>
                </constraint>
            </constraints>
        </column>
        <column>
            <name>updated_at</name>
            <type>datetime</type>
            <constraints>
                <constraint>
                    <type>NOT NULL</type>
                    <definition>NOT NULL</definition>
                </constraint>
            </constraints>
        </column>
    </columns>
    <rows>
        <row>
            <value column="0">1</value>
            <value column="1">10</value>
            <value column="2">&quot;{\&quot;11\&quot;:13,\&quot;17\&quot;:19}&quot;</value>
            <value column="3">2023-11-08 16:33:04.789709</value>
            <value column="4">2023-11-08 16:33:04.789709</value>
        </row>
        <row>
            <value column="0">2</value>
            <value column="1">11</value>
            <value column="2">&quot;{\&quot;11\&quot;:13,\&quot;17\&quot;:19}&quot;</value>
            <value column="3">2023-11-08 16:33:07.187956</value>
            <value column="4">2023-11-08 16:33:07.187956</value>
        </row>
        <row>
            <value column="0">3</value>
            <value column="1">15</value>
            <value column="2">&quot;{\&quot;17\&quot;:19}&quot;</value>
            <value column="3">2023-11-08 16:33:09.666411</value>
            <value column="4">2023-11-08 16:33:09.666411</value>
        </row>
    </rows>
</table>
